{"_runtime":5847,"_step":100,"train":{"loss_step":0.314400851726532},"optimizer_step":101,"_timestamp":1.7543899477633803e+09,"_wandb":{"runtime":5847}}