{"_runtime":87,"_timestamp":1.754400874539857e+09,"_step":47,"train":{"loss_step":0.9560764888367828},"optimizer_step":48,"_wandb":{"runtime":87}}