{"_timestamp":1.7543120051205897e+09,"_step":112,"train":{"loss_step":7.3612547237613555},"_wandb":{"runtime":166},"_runtime":166,"optimizer_step":113}