{"Epoch":1,"test":{"loss":0.3071134538716215,"CER":47.82438816467162,"WER":92.01727023737067},"train":{"loss_step":0.14875486812601388,"loss":2.713129357987388},"_runtime":2517,"_timestamp":1.7544034466795974e+09,"Epoch loaded":1,"_wandb":{"runtime":2517},"_step":49,"optimizer_step":48,"valid":{"loss":0.40697463292085423,"CER":51.88079665964601,"WER":92.85503395335105},"lr_wav2vec":0.0001,"lr_model":0.9}