{"lr_wav2vec":0.0001,"lr_model":0.9,"_step":48,"_wandb":{"runtime":520},"valid":{"WER":83.82049010924122,"loss":-1.1850511072428642,"CER":23.875771348335366},"optimizer_step":48,"train":{"loss":2.382219554138053,"loss_step":-0.6226979078381736},"_runtime":520,"Epoch":1,"_timestamp":1.7544060931451623e+09}