{"lr_wav2vec":0.0001,"optimizer_step":461,"test":{"loss":1.871158412528066,"CER":5.754626505168188,"WER":24.324786975045647},"Epoch loaded":1,"_wandb":{"runtime":2784},"_runtime":2784,"_step":462,"_timestamp":1.7543219731088438e+09,"valid":{"loss":3.451813375925232,"CER":7.2238850090529505,"WER":26.217891939769707},"Epoch":1,"lr_model":0.9,"train":{"loss_step":0.536651441510532,"loss":5.854467517208269}}