{"optimizer_step":41,"_timestamp":1.754408335571017e+09,"_step":40,"_wandb":{"runtime":466},"_runtime":466,"train":{"loss_step":0.9493011236190796}}