{"_step":0,"_wandb":{"runtime":1911},"_runtime":1911,"test":{"loss":1.3709900646680189,"CER":6.649380172628139,"WER":25.473600121728545},"Epoch loaded":1,"_timestamp":1.7543191136568873e+09}