{"train":{"loss_step":9.305732636625613},"optimizer_step":197,"_wandb":{"runtime":340},"_runtime":340,"_timestamp":1.7543129640705602e+09,"_step":196}