{"_wandb":{"runtime":37},"_runtime":37,"train":{"loss_step":3.086266279220581},"optimizer_step":21,"_timestamp":1.754400589621349e+09,"_step":20}