{"_timestamp":1.7543142158418403e+09,"_step":421,"_wandb":{"runtime":822},"_runtime":822,"train":{"loss_step":11.988529330567832},"optimizer_step":422}