{"_timestamp":1.7544004129392924e+09,"_step":138,"train":{"loss_step":0.27183952144068146},"optimizer_step":139,"_wandb":{"runtime":84},"_runtime":84}