{"_timestamp":1.7544087929973352e+09,"_wandb":{"runtime":86},"_runtime":86,"_step":40,"train":{"loss_step":0.9488047361373901},"optimizer_step":41}