{"test":{"CER":3.494476609952758,"WER":15.91790931223372,"loss":1.0312926516942822},"Epoch loaded":1,"_wandb":{"runtime":3067},"_runtime":3067,"_step":461,"train":{"loss_step":9.264100569454188},"Step":461,"_timestamp":1.7543091502323565e+09}