{"_step":100,"_wandb":{"runtime":51},"_runtime":51,"train":{"loss_step":0.31409013271331787},"optimizer_step":101,"_timestamp":1.7543991721163645e+09}