{"_step":100,"_wandb":{"runtime":565},"_runtime":565,"train":{"loss_step":0.31455373764038086},"optimizer_step":101,"_timestamp":1.7543992763098426e+09}