{"_wandb":{"runtime":94},"_runtime":94,"_step":100,"train":{"loss_step":0.31493061780929565},"optimizer_step":101,"_timestamp":1.7544000495767627e+09}