{"optimizer_step":164,"_wandb":{"runtime":171},"_runtime":171,"_timestamp":1.7544003071124108e+09,"_step":163,"train":{"loss_step":-0.2952784997872616}}