{"_timestamp":1.7544005245344915e+09,"_step":128,"_wandb":{"runtime":91},"_runtime":91,"train":{"loss_step":0.28488728007936204},"optimizer_step":129}