{"_wandb":{"runtime":309},"_runtime":309,"_timestamp":1.7543981067255838e+09,"_step":100,"train":{"loss_step":0.3153037428855896},"optimizer_step":101}